experiment,node,seq,latency_ms,type,trial
E1,157,0,5.0,edge,t1
E1,157,2,2.0,edge,t1
E1,157,3,4.0,edge,t1
E1,157,4,2.0,edge,t1
E1,157,5,2.0,edge,t1
E1,157,6,2.0,edge,t1
E1,157,7,2.0,edge,t1
E1,157,8,2.0,edge,t1
E1,157,9,1.0,edge,t1
E1,157,10,1.0,edge,t1
E1,157,11,2.0,edge,t1
E1,157,12,2.0,edge,t1
E1,157,13,201.0,edge,t1
E1,157,14,2.0,edge,t1
E1,157,15,2.0,edge,t1
E1,157,16,2.0,edge,t1
E1,157,17,2.0,edge,t1
E1,157,18,2.0,edge,t1
E1,157,19,7.0,edge,t1
E1,157,20,1.0,edge,t1
E1,157,21,3.0,edge,t1
E1,157,22,2.0,edge,t1
E1,157,23,3.0,edge,t1
E1,157,24,2.0,edge,t1
E1,157,26,194.0,edge,t1
E1,157,27,2.0,edge,t1
E1,157,28,1.0,edge,t1
E1,157,29,12.0,edge,t1
E1,157,30,2.0,edge,t1
E1,157,31,2.0,edge,t1
E1,157,32,1.0,edge,t1
E1,157,33,2.0,edge,t1
E1,157,34,6.0,edge,t1
E1,157,35,2.0,edge,t1
E1,157,36,2.0,edge,t1
E1,157,37,2.0,edge,t1
E1,157,38,2.0,edge,t1
E1,157,39,1.0,edge,t1
E1,157,40,2.0,edge,t1
E1,157,41,1.0,edge,t1
E1,157,42,5.0,edge,t1
E1,157,43,183.0,edge,t1
E1,157,44,2.0,edge,t1
E1,157,45,3.0,edge,t1
E1,157,46,4.0,edge,t1
E1,157,47,5.0,edge,t1
E1,157,48,2.0,edge,t1
E1,157,49,1.0,edge,t1
E1,157,50,2.0,edge,t1
E1,157,51,1.0,edge,t1
E1,157,52,3.0,edge,t1
E1,157,53,2.0,edge,t1
E1,157,54,2.0,edge,t1
E1,157,55,2.0,edge,t1
E1,157,56,7.0,edge,t1
E1,157,57,2.0,edge,t1
E1,157,58,2.0,edge,t1
E1,157,59,11.0,edge,t1
E1,157,60,1.0,edge,t1
E1,157,61,3.0,edge,t1
E1,157,62,2.0,edge,t1
E1,157,63,2.0,edge,t1
E1,157,64,2.0,edge,t1
E1,157,65,3.0,edge,t1
E1,157,66,2.0,edge,t1
E1,157,67,4.0,edge,t1
E1,157,68,1.0,edge,t1
E1,157,69,2.0,edge,t1
E1,157,70,2.0,edge,t1
E1,157,71,2.0,edge,t1
E1,157,72,3.0,edge,t1
E1,157,73,2.0,edge,t1
E1,157,74,3.0,edge,t1
E1,157,75,4.0,edge,t1
E1,157,76,2.0,edge,t1
E1,157,77,4.0,edge,t1
E1,157,78,205.0,edge,t1
E1,157,79,3.0,edge,t1
E1,157,81,3.0,edge,t1
E1,157,82,201.0,edge,t1
E1,157,83,2.0,edge,t1
E1,157,84,2.0,edge,t1
E1,157,85,2.0,edge,t1
E1,157,86,3.0,edge,t1
E1,157,87,2.0,edge,t1
E1,157,88,4.0,edge,t1
E1,157,90,3.0,edge,t1
E1,157,91,2.0,edge,t1
E1,157,92,2.0,edge,t1
E1,157,94,1.0,edge,t1
E1,157,95,2.0,edge,t1
E1,157,96,2.0,edge,t1
E1,157,97,1.0,edge,t1
E1,157,98,2.0,edge,t1
E1,157,99,1.0,edge,t1
E1,157,100,2.0,edge,t1
E1,157,101,1.0,edge,t1
E1,157,102,2.0,edge,t1
E1,157,103,1.0,edge,t1
E1,157,104,2.0,edge,t1
E1,157,105,3.0,edge,t1
E1,157,106,2.0,edge,t1
E1,157,107,1.0,edge,t1
E1,157,108,1.0,edge,t1
E1,157,109,2.0,edge,t1
E1,157,110,1.0,edge,t1
E1,157,111,2.0,edge,t1
E1,157,112,1.0,edge,t1
E1,157,113,4.0,edge,t1
E1,157,114,199.0,edge,t1
E1,157,115,4.0,edge,t1
E1,157,116,1.0,edge,t1
E1,82,0,2.0,edge,t1
E1,82,1,2.0,edge,t1
E1,82,2,2.0,edge,t1
E1,82,3,2.0,edge,t1
E1,82,4,2.0,edge,t1
E1,82,5,189.0,edge,t1
E1,82,6,1.0,edge,t1
E1,82,7,1.0,edge,t1
E1,82,8,1.0,edge,t1
E1,82,9,2.0,edge,t1
E1,82,10,2.0,edge,t1
E1,82,11,3.0,edge,t1
E1,82,12,2.0,edge,t1
E1,82,13,5.0,edge,t1
E1,82,14,2.0,edge,t1
E1,82,15,201.0,edge,t1
E1,82,16,2.0,edge,t1
E1,82,17,200.0,edge,t1
E1,82,18,1.0,edge,t1
E1,82,19,1.0,edge,t1
E1,82,20,2.0,edge,t1
E1,82,21,2.0,edge,t1
E1,82,22,2.0,edge,t1
E1,82,23,1.0,edge,t1
E1,82,24,1.0,edge,t1
E1,82,25,204.0,edge,t1
E1,82,26,205.0,edge,t1
E1,82,27,3.0,edge,t1
E1,82,28,4.0,edge,t1
E1,82,29,2.0,edge,t1
E1,82,30,1.0,edge,t1
E1,82,31,1.0,edge,t1
E1,82,32,2.0,edge,t1
E1,82,33,1.0,edge,t1
E1,82,34,3.0,edge,t1
E1,82,35,3.0,edge,t1
E1,82,36,2.0,edge,t1
E1,82,37,1.0,edge,t1
E1,82,38,1.0,edge,t1
E1,82,39,1.0,edge,t1
E1,82,40,2.0,edge,t1
E1,82,41,1.0,edge,t1
E1,82,42,205.0,edge,t1
E1,82,43,2.0,edge,t1
E1,82,44,3.0,edge,t1
E1,82,45,4.0,edge,t1
E1,82,46,5.0,edge,t1
E1,82,47,1.0,edge,t1
E1,82,48,4.0,edge,t1
E1,82,49,1.0,edge,t1
E1,82,50,3.0,edge,t1
E1,82,51,4.0,edge,t1
E1,82,52,2.0,edge,t1
E1,82,53,1.0,edge,t1
E1,82,54,2.0,edge,t1
E1,82,55,1.0,edge,t1
E1,82,56,2.0,edge,t1
E1,82,57,3.0,edge,t1
E1,82,58,201.0,edge,t1
E1,82,59,2.0,edge,t1
E1,82,60,1.0,edge,t1
E1,82,61,3.0,edge,t1
E1,82,62,2.0,edge,t1
E1,82,63,1.0,edge,t1
E1,82,64,1.0,edge,t1
E1,82,65,2.0,edge,t1
E1,82,66,2.0,edge,t1
E1,82,67,3.0,edge,t1
E1,82,68,2.0,edge,t1
E1,82,69,2.0,edge,t1
E1,82,70,3.0,edge,t1
E1,82,71,2.0,edge,t1
E1,82,72,2.0,edge,t1
E1,82,73,3.0,edge,t1
E1,82,75,2.0,edge,t1
E1,82,76,1.0,edge,t1
E1,82,77,3.0,edge,t1
E1,82,78,3.0,edge,t1
E1,82,79,4.0,edge,t1
E1,82,80,2.0,edge,t1
E1,82,81,3.0,edge,t1
E1,82,82,1.0,edge,t1
E1,82,83,4.0,edge,t1
E1,82,84,3.0,edge,t1
E1,82,85,2.0,edge,t1
E1,82,86,2.0,edge,t1
E1,82,87,1.0,edge,t1
E1,82,88,2.0,edge,t1
E1,82,89,202.0,edge,t1
E1,82,90,2.0,edge,t1
E1,82,91,1.0,edge,t1
E1,82,92,2.0,edge,t1
E1,82,93,1.0,edge,t1
E1,82,94,10.0,edge,t1
E1,82,95,1.0,edge,t1
E1,82,96,2.0,edge,t1
E1,82,97,6.0,edge,t1
E1,82,98,2.0,edge,t1
E1,82,99,1.0,edge,t1
E1,82,100,2.0,edge,t1
E1,82,101,2.0,edge,t1
E1,82,102,2.0,edge,t1
E1,82,103,1.0,edge,t1
E1,82,104,1.0,edge,t1
E1,82,105,2.0,edge,t1
E1,82,106,1.0,edge,t1
E1,82,107,2.0,edge,t1
E1,82,108,1.0,edge,t1
E1,82,109,2.0,edge,t1
E1,82,110,3.0,edge,t1
E1,82,111,2.0,edge,t1
E1,82,112,2.0,edge,t1
E1,82,113,1.0,edge,t1
E1,82,115,1.0,edge,t1
E1,82,116,1.0,edge,t1
E1,82,117,2.0,edge,t1
E1,82,118,8.0,edge,t1
E1,82,119,2.0,edge,t1
E1,157,0,2.0,edge,t2
E1,157,1,2.0,edge,t2
E1,157,2,2.0,edge,t2
E1,157,3,2.0,edge,t2
E1,157,4,2.0,edge,t2
E1,157,5,1.0,edge,t2
E1,157,6,195.0,edge,t2
E1,157,7,2.0,edge,t2
E1,157,8,2.0,edge,t2
E1,157,9,2.0,edge,t2
E1,157,10,200.0,edge,t2
E1,157,11,1.0,edge,t2
E1,157,12,3.0,edge,t2
E1,157,13,2.0,edge,t2
E1,157,14,1.0,edge,t2
E1,157,15,200.0,edge,t2
E1,157,16,2.0,edge,t2
E1,157,17,20.0,edge,t2
E1,157,18,3.0,edge,t2
E1,157,19,1.0,edge,t2
E1,157,20,2.0,edge,t2
E1,157,21,1.0,edge,t2
E1,157,22,3.0,edge,t2
E1,157,23,2.0,edge,t2
E1,157,24,8.0,edge,t2
E1,157,25,2.0,edge,t2
E1,157,26,199.0,edge,t2
E1,157,27,4.0,edge,t2
E1,157,28,2.0,edge,t2
E1,157,29,1.0,edge,t2
E1,157,30,2.0,edge,t2
E1,157,31,2.0,edge,t2
E1,157,32,1.0,edge,t2
E1,157,33,2.0,edge,t2
E1,157,34,2.0,edge,t2
E1,157,35,150.0,edge,t2
E1,157,36,2.0,edge,t2
E1,157,37,7.0,edge,t2
E1,157,38,3.0,edge,t2
E1,157,39,3.0,edge,t2
E1,157,40,1.0,edge,t2
E1,157,41,2.0,edge,t2
E1,157,42,201.0,edge,t2
E1,157,43,2.0,edge,t2
E1,157,44,3.0,edge,t2
E1,157,45,3.0,edge,t2
E1,157,46,2.0,edge,t2
E1,157,47,12.0,edge,t2
E1,157,48,2.0,edge,t2
E1,157,49,7.0,edge,t2
E1,157,50,200.0,edge,t2
E1,157,51,2.0,edge,t2
E1,157,52,1.0,edge,t2
E1,157,53,1.0,edge,t2
E1,157,54,3.0,edge,t2
E1,157,55,2.0,edge,t2
E1,157,56,2.0,edge,t2
E1,157,57,204.0,edge,t2
E1,157,58,195.0,edge,t2
E1,157,59,2.0,edge,t2
E1,157,60,1.0,edge,t2
E1,157,61,2.0,edge,t2
E1,157,62,2.0,edge,t2
E1,157,63,2.0,edge,t2
E1,157,64,3.0,edge,t2
E1,157,65,2.0,edge,t2
E1,157,66,2.0,edge,t2
E1,157,67,4.0,edge,t2
E1,157,68,6.0,edge,t2
E1,157,69,1.0,edge,t2
E1,157,70,9.0,edge,t2
E1,157,71,191.0,edge,t2
E1,157,72,2.0,edge,t2
E1,157,73,7.0,edge,t2
E1,157,74,3.0,edge,t2
E1,157,75,2.0,edge,t2
E1,157,76,2.0,edge,t2
E1,157,77,1.0,edge,t2
E1,157,78,3.0,edge,t2
E1,157,79,3.0,edge,t2
E1,157,80,201.0,edge,t2
E1,157,81,2.0,edge,t2
E1,157,82,2.0,edge,t2
E1,157,83,2.0,edge,t2
E1,157,84,2.0,edge,t2
E1,157,85,1.0,edge,t2
E1,157,86,1.0,edge,t2
E1,157,87,2.0,edge,t2
E1,157,88,2.0,edge,t2
E1,157,89,2.0,edge,t2
E1,157,90,2.0,edge,t2
E1,157,91,3.0,edge,t2
E1,157,92,202.0,edge,t2
E1,157,93,5.0,edge,t2
E1,157,94,1.0,edge,t2
E1,157,95,2.0,edge,t2
E1,157,96,2.0,edge,t2
E1,157,97,2.0,edge,t2
E1,157,98,2.0,edge,t2
E1,157,99,3.0,edge,t2
E1,82,0,194.0,edge,t2
E1,82,1,2.0,edge,t2
E1,82,2,2.0,edge,t2
E1,82,3,3.0,edge,t2
E1,82,4,202.0,edge,t2
E1,82,5,1.0,edge,t2
E1,82,6,2.0,edge,t2
E1,82,7,1.0,edge,t2
E1,82,8,2.0,edge,t2
E1,82,9,3.0,edge,t2
E1,82,10,2.0,edge,t2
E1,82,11,2.0,edge,t2
E1,82,12,9.0,edge,t2
E1,82,13,1.0,edge,t2
E1,82,14,2.0,edge,t2
E1,82,15,1.0,edge,t2
E1,82,16,2.0,edge,t2
E1,82,17,6.0,edge,t2
E1,82,19,2.0,edge,t2
E1,82,20,1.0,edge,t2
E1,82,21,2.0,edge,t2
E1,82,22,201.0,edge,t2
E1,82,23,2.0,edge,t2
E1,82,24,2.0,edge,t2
E1,82,25,7.0,edge,t2
E1,82,26,3.0,edge,t2
E1,82,27,196.0,edge,t2
E1,82,29,1.0,edge,t2
E1,82,30,2.0,edge,t2
E1,82,31,2.0,edge,t2
E1,82,32,3.0,edge,t2
E1,82,33,2.0,edge,t2
E1,82,34,202.0,edge,t2
E1,82,36,2.0,edge,t2
E1,82,37,1.0,edge,t2
E1,82,38,2.0,edge,t2
E1,82,39,211.0,edge,t2
E1,82,40,2.0,edge,t2
E1,82,41,1.0,edge,t2
E1,82,42,1.0,edge,t2
E1,82,43,198.0,edge,t2
E1,82,44,1.0,edge,t2
E1,82,45,2.0,edge,t2
E1,82,46,4.0,edge,t2
E1,82,47,199.0,edge,t2
E1,82,48,7.0,edge,t2
E1,82,49,2.0,edge,t2
E1,82,50,2.0,edge,t2
E1,82,51,1.0,edge,t2
E1,82,52,1.0,edge,t2
E1,82,53,2.0,edge,t2
E1,82,54,2.0,edge,t2
E1,82,55,2.0,edge,t2
E1,82,56,2.0,edge,t2
E1,82,57,201.0,edge,t2
E1,82,58,3.0,edge,t2
E1,82,59,2.0,edge,t2
E1,82,60,2.0,edge,t2
E1,82,61,2.0,edge,t2
E1,82,63,1.0,edge,t2
E1,82,64,1.0,edge,t2
E1,82,65,2.0,edge,t2
E1,82,66,3.0,edge,t2
E1,82,67,16.0,edge,t2
E1,82,68,2.0,edge,t2
E1,82,69,2.0,edge,t2
E1,82,70,2.0,edge,t2
E1,82,71,2.0,edge,t2
E1,82,72,2.0,edge,t2
E1,82,73,11.0,edge,t2
E1,82,74,2.0,edge,t2
E1,82,76,1.0,edge,t2
E1,82,77,1.0,edge,t2
E1,82,78,2.0,edge,t2
E1,82,79,2.0,edge,t2
E1,82,80,1.0,edge,t2
E1,82,81,2.0,edge,t2
E1,82,82,1.0,edge,t2
E1,82,83,201.0,edge,t2
E1,82,85,1.0,edge,t2
E1,82,86,2.0,edge,t2
E1,82,87,2.0,edge,t2
E1,82,88,6.0,edge,t2
E1,82,89,2.0,edge,t2
E1,82,90,1.0,edge,t2
E1,82,91,3.0,edge,t2
E1,82,92,7.0,edge,t2
E1,82,93,3.0,edge,t2
E1,82,94,1.0,edge,t2
E1,82,95,2.0,edge,t2
E1,82,96,1.0,edge,t2
E1,82,97,1.0,edge,t2
E1,82,99,205.0,edge,t2
E1,82,100,2.0,edge,t2
E1,82,101,3.0,edge,t2
E1,82,102,1.0,edge,t2
E1,82,103,1.0,edge,t2
E1,82,104,2.0,edge,t2
E1,82,105,3.0,edge,t2
E1,82,106,201.0,edge,t2
E1,82,107,2.0,edge,t2
E1,82,108,1.0,edge,t2
E2,157,0,206.0,edge,t1
E2,157,1,204.0,edge,t1
E2,157,2,206.0,edge,t1
E2,157,3,208.0,edge,t1
E2,157,4,207.0,edge,t1
E2,157,5,204.0,edge,t1
E2,157,6,410.0,edge,t1
E2,157,7,206.0,edge,t1
E2,157,8,206.0,edge,t1
E2,157,9,218.0,edge,t1
E2,157,10,206.0,edge,t1
E2,157,11,203.0,edge,t1
E2,157,12,205.0,edge,t1
E2,157,13,207.0,edge,t1
E2,157,14,207.0,edge,t1
E2,157,15,205.0,edge,t1
E2,157,16,191.0,edge,t1
E2,157,17,205.0,edge,t1
E2,157,18,201.0,edge,t1
E2,157,19,205.0,edge,t1
E2,157,20,407.0,edge,t1
E2,157,21,207.0,edge,t1
E2,157,22,410.0,edge,t1
E2,157,23,205.0,edge,t1
E2,157,24,410.0,edge,t1
E2,157,26,205.0,edge,t1
E2,157,27,408.0,edge,t1
E2,157,28,209.0,edge,t1
E2,157,29,205.0,edge,t1
E2,157,30,209.0,edge,t1
E2,157,31,204.0,edge,t1
E2,157,32,206.0,edge,t1
E2,157,33,202.0,edge,t1
E2,157,34,207.0,edge,t1
E2,157,35,207.0,edge,t1
E2,157,36,207.0,edge,t1
E2,157,37,208.0,edge,t1
E2,157,38,203.0,edge,t1
E2,157,39,203.0,edge,t1
E2,157,40,206.0,edge,t1
E2,157,41,206.0,edge,t1
E2,157,42,206.0,edge,t1
E2,157,44,209.0,edge,t1
E2,157,45,211.0,edge,t1
E2,157,46,206.0,edge,t1
E2,157,48,207.0,edge,t1
E2,157,49,208.0,edge,t1
E2,157,50,207.0,edge,t1
E2,157,51,204.0,edge,t1
E2,157,52,206.0,edge,t1
E2,157,53,206.0,edge,t1
E2,157,54,206.0,edge,t1
E2,157,55,206.0,edge,t1
E2,157,56,208.0,edge,t1
E2,157,57,205.0,edge,t1
E2,157,58,206.0,edge,t1
E2,157,59,209.0,edge,t1
E2,157,60,206.0,edge,t1
E2,157,61,210.0,edge,t1
E2,157,62,207.0,edge,t1
E2,157,64,207.0,edge,t1
E2,157,66,206.0,edge,t1
E2,157,68,408.0,edge,t1
E2,157,69,206.0,edge,t1
E2,157,70,207.0,edge,t1
E2,157,71,205.0,edge,t1
E2,157,72,208.0,edge,t1
E2,157,73,205.0,edge,t1
E2,157,74,209.0,edge,t1
E2,157,75,209.0,edge,t1
E2,157,76,202.0,edge,t1
E2,157,77,197.0,edge,t1
E2,157,78,203.0,edge,t1
E2,157,79,203.0,edge,t1
E2,157,80,206.0,edge,t1
E2,157,81,208.0,edge,t1
E2,157,82,204.0,edge,t1
E2,157,84,204.0,edge,t1
E2,157,85,210.0,edge,t1
E2,157,86,206.0,edge,t1
E2,157,87,206.0,edge,t1
E2,157,88,206.0,edge,t1
E2,157,89,204.0,edge,t1
E2,157,90,205.0,edge,t1
E2,157,91,203.0,edge,t1
E2,157,92,205.0,edge,t1
E2,157,93,205.0,edge,t1
E2,157,94,206.0,edge,t1
E2,157,95,202.0,edge,t1
E2,157,96,206.0,edge,t1
E2,157,97,207.0,edge,t1
E2,157,98,205.0,edge,t1
E2,157,100,207.0,edge,t1
E2,157,101,206.0,edge,t1
E2,157,102,202.0,edge,t1
E2,157,103,206.0,edge,t1
E2,157,104,206.0,edge,t1
E2,157,105,204.0,edge,t1
E2,157,106,404.0,edge,t1
E2,157,107,204.0,edge,t1
E2,82,0,2.0,edge,t1
E2,82,1,2.0,edge,t1
E2,82,2,2.0,edge,t1
E2,82,4,2.0,edge,t1
E2,82,5,1.0,edge,t1
E2,82,6,2.0,edge,t1
E2,82,7,2.0,edge,t1
E2,82,8,2.0,edge,t1
E2,82,9,1.0,edge,t1
E2,82,10,2.0,edge,t1
E2,82,11,2.0,edge,t1
E2,82,13,2.0,edge,t1
E2,82,14,2.0,edge,t1
E2,82,15,1.0,edge,t1
E2,82,16,2.0,edge,t1
E2,82,17,1.0,edge,t1
E2,82,19,1.0,edge,t1
E2,82,20,1.0,edge,t1
E2,82,21,1.0,edge,t1
E2,82,22,1.0,edge,t1
E2,82,23,1.0,edge,t1
E2,82,24,2.0,edge,t1
E2,82,25,1.0,edge,t1
E2,82,26,2.0,edge,t1
E2,82,27,2.0,edge,t1
E2,82,28,1.0,edge,t1
E2,82,29,1.0,edge,t1
E2,82,30,2.0,edge,t1
E2,82,31,1.0,edge,t1
E2,82,32,2.0,edge,t1
E2,82,33,205.0,edge,t1
E2,82,34,1.0,edge,t1
E2,82,35,819.0,edge,t1
E2,82,37,1.0,edge,t1
E2,82,38,1.0,edge,t1
E2,82,39,1.0,edge,t1
E2,82,40,203.0,edge,t1
E2,82,42,1.0,edge,t1
E2,82,43,1.0,edge,t1
E2,82,44,1.0,edge,t1
E2,82,45,1.0,edge,t1
E2,82,46,1.0,edge,t1
E2,82,47,2.0,edge,t1
E2,82,49,2.0,edge,t1
E2,82,50,2.0,edge,t1
E2,82,51,2.0,edge,t1
E2,82,52,2.0,edge,t1
E2,82,54,3.0,edge,t1
E2,82,55,2.0,edge,t1
E2,82,56,2.0,edge,t1
E2,82,57,202.0,edge,t1
E2,82,58,2.0,edge,t1
E2,82,59,1.0,edge,t1
E2,82,60,2.0,edge,t1
E2,82,61,1.0,edge,t1
E2,82,63,2.0,edge,t1
E2,82,64,2.0,edge,t1
E2,82,66,2.0,edge,t1
E2,82,67,1.0,edge,t1
E2,82,68,1.0,edge,t1
E2,82,70,1.0,edge,t1
E2,82,71,1.0,edge,t1
E2,82,72,202.0,edge,t1
E2,82,73,7.0,edge,t1
E2,82,74,2.0,edge,t1
E2,82,75,2.0,edge,t1
E2,82,76,1.0,edge,t1
E2,82,77,3.0,edge,t1
E2,82,78,2.0,edge,t1
E2,82,79,2.0,edge,t1
E2,82,80,1.0,edge,t1
E2,82,81,1.0,edge,t1
E2,82,82,2.0,edge,t1
E2,82,83,1.0,edge,t1
E2,82,84,1.0,edge,t1
E2,82,85,1.0,edge,t1
E2,82,86,2.0,edge,t1
E2,82,87,2.0,edge,t1
E2,82,88,1.0,edge,t1
E2,82,89,3.0,edge,t1
E2,82,90,2.0,edge,t1
E2,82,91,2.0,edge,t1
E2,82,92,2.0,edge,t1
E2,82,93,2.0,edge,t1
E2,82,94,1.0,edge,t1
E2,82,95,2.0,edge,t1
E2,82,96,1.0,edge,t1
E2,82,97,1.0,edge,t1
E2,82,98,2.0,edge,t1
E2,82,99,2.0,edge,t1
E2,82,101,2.0,edge,t1
E2,82,102,2.0,edge,t1
E2,82,103,1.0,edge,t1
E2,82,104,2.0,edge,t1
E2,82,105,4.0,edge,t1
E2,82,106,2.0,edge,t1
E2,82,107,1.0,edge,t1
E2,82,108,3.0,edge,t1
E2,82,109,2.0,edge,t1
E2,157,0,293.0,edge,t2
E2,157,1,33.0,edge,t2
E2,157,5,202.0,edge,t2
E2,157,6,204.0,edge,t2
E2,157,7,205.0,edge,t2
E2,157,8,204.0,edge,t2
E2,157,10,206.0,edge,t2
E2,157,12,204.0,edge,t2
E2,157,13,207.0,edge,t2
E2,157,14,204.0,edge,t2
E2,157,15,207.0,edge,t2
E2,157,17,413.0,edge,t2
E2,157,18,203.0,edge,t2
E2,157,23,4713.0,edge,t2
E2,157,24,203.0,edge,t2
E2,157,25,204.0,edge,t2
E2,157,26,207.0,edge,t2
E2,157,28,206.0,edge,t2
E2,157,30,206.0,edge,t2
E2,157,32,2455.0,edge,t2
E2,157,33,202.0,edge,t2
E2,157,34,206.0,edge,t2
E2,157,36,209.0,edge,t2
E2,157,37,204.0,edge,t2
E2,157,38,206.0,edge,t2
E2,157,39,204.0,edge,t2
E2,157,40,206.0,edge,t2
E2,157,42,230.0,edge,t2
E2,157,43,207.0,edge,t2
E2,157,44,201.0,edge,t2
E2,157,45,409.0,edge,t2
E2,157,46,206.0,edge,t2
E2,157,48,206.0,edge,t2
E2,157,51,208.0,edge,t2
E2,157,52,406.0,edge,t2
E2,157,53,207.0,edge,t2
E2,157,54,205.0,edge,t2
E2,157,58,209.0,edge,t2
E2,157,59,206.0,edge,t2
E2,82,0,2.0,edge,t2
E2,82,2,2.0,edge,t2
E2,82,3,3.0,edge,t2
E2,82,4,2.0,edge,t2
E2,82,5,3.0,edge,t2
E2,82,7,1.0,edge,t2
E2,82,8,1.0,edge,t2
E2,82,9,4.0,edge,t2
E2,82,10,1.0,edge,t2
E2,82,11,1.0,edge,t2
E2,82,12,1.0,edge,t2
E2,82,15,1.0,edge,t2
E2,82,17,2.0,edge,t2
E2,82,18,1.0,edge,t2
E2,82,19,3.0,edge,t2
E2,82,20,819.0,edge,t2
E2,82,21,1.0,edge,t2
E2,82,23,1.0,edge,t2
E2,82,25,2.0,edge,t2
E2,82,26,2.0,edge,t2
E2,82,27,199.0,edge,t2
E2,82,28,2.0,edge,t2
E2,82,29,1.0,edge,t2
E2,82,30,1.0,edge,t2
E2,82,31,2.0,edge,t2
E2,82,32,1.0,edge,t2
E2,82,33,1.0,edge,t2
E2,82,34,2.0,edge,t2
E2,82,35,2.0,edge,t2
E2,82,36,2.0,edge,t2
E2,82,38,2.0,edge,t2
E2,82,39,193.0,edge,t2
E2,82,40,2.0,edge,t2
E2,82,41,2.0,edge,t2
E2,82,42,3.0,edge,t2
E2,82,44,8394.0,edge,t2
E2,82,45,202.0,edge,t2
E2,82,46,2.0,edge,t2
E2,82,47,2.0,edge,t2
E2,82,48,3.0,edge,t2
E2,82,49,2.0,edge,t2
E2,82,50,2.0,edge,t2
E2,82,52,3.0,edge,t2
E2,82,53,2.0,edge,t2
E2,82,59,3.0,edge,t2
E2,82,61,1.0,edge,t2
E2,82,64,3.0,edge,t2
E2,82,65,3.0,edge,t2
E2,82,66,1.0,edge,t2
E2,82,67,1.0,edge,t2
E2,82,68,2.0,edge,t2
E2,82,69,1.0,edge,t2
E2,82,70,2.0,edge,t2
E2,82,71,3.0,edge,t2
E2,82,72,1.0,edge,t2
E2,82,73,1.0,edge,t2
E2,82,74,2.0,edge,t2
E2,82,75,1.0,edge,t2
E2,82,76,1.0,edge,t2
E2,82,77,1.0,edge,t2
E2,82,79,1.0,edge,t2
E2,82,80,1.0,edge,t2
E2,82,81,1.0,edge,t2
E2,82,82,14.0,edge,t2
E2,82,83,1.0,edge,t2
E2,82,85,3.0,edge,t2
E2,82,87,1.0,edge,t2
E2,82,89,2.0,edge,t2
E2,82,90,2.0,edge,t2
E2,82,91,2.0,edge,t2
E2,82,93,1.0,edge,t2
E2,82,94,2.0,edge,t2
E2,82,95,4.0,edge,t2
E2,82,96,2.0,edge,t2
E2,82,97,1.0,edge,t2
E2,82,98,5.0,edge,t2
E2,82,0,954.0,e2e,t1
E2,157,1,1073.0,e2e,t1
E2,82,1,931.0,e2e,t1
E2,157,2,1025.0,e2e,t1
E2,82,2,1047.0,e2e,t1
E2,82,4,1016.0,e2e,t1
E2,157,3,1014.0,e2e,t1
E2,82,5,1060.0,e2e,t1
E2,157,4,1123.0,e2e,t1
E2,82,6,969.0,e2e,t1
E2,157,5,1030.0,e2e,t1
E2,82,7,911.0,e2e,t1
E2,157,6,1265.0,e2e,t1
E2,82,8,972.0,e2e,t1
E2,157,7,1066.0,e2e,t1
E2,157,8,1178.0,e2e,t1
E2,157,9,1160.0,e2e,t1
E2,157,10,1137.0,e2e,t1
E2,82,9,1002.0,e2e,t1
E2,157,11,1110.0,e2e,t1
E2,157,12,1012.0,e2e,t1
E2,82,10,956.0,e2e,t1
E2,157,13,928.0,e2e,t1
E2,82,11,947.0,e2e,t1
E2,157,14,880.0,e2e,t1
E2,157,15,936.0,e2e,t1
E2,82,13,865.0,e2e,t1
E2,157,16,958.0,e2e,t1
E2,157,17,872.0,e2e,t1
E2,157,18,1069.0,e2e,t1
E2,157,19,978.0,e2e,t1
E2,157,20,1054.0,e2e,t1
E2,82,14,927.0,e2e,t1
E2,157,21,893.0,e2e,t1
E2,157,22,985.0,e2e,t1
E2,157,23,982.0,e2e,t1
E2,157,24,1090.0,e2e,t1
E2,157,26,979.0,e2e,t1
E2,82,15,954.0,e2e,t1
E2,157,27,1042.0,e2e,t1
E2,157,28,971.0,e2e,t1
E2,157,29,976.0,e2e,t1
E2,157,29,1711.0,e2e,t1
E2,82,16,945.0,e2e,t1
E2,82,17,874.0,e2e,t1
E2,157,30,1051.0,e2e,t1
E2,157,31,1014.9999999999999,e2e,t1
E2,82,19,1012.9999999999999,e2e,t1
E2,82,20,894.0,e2e,t1
E2,82,21,941.0,e2e,t1
E2,157,32,906.0,e2e,t1
E2,82,22,992.0,e2e,t1
E2,157,33,1006.9999999999999,e2e,t1
E2,82,23,993.0,e2e,t1
E2,82,24,843.0,e2e,t1
E2,82,25,936.0,e2e,t1
E2,157,34,877.0,e2e,t1
E2,82,26,857.0,e2e,t1
E2,82,27,1010.9999999999999,e2e,t1
E2,157,35,915.0,e2e,t1
E2,82,28,928.0,e2e,t1
E2,157,36,1061.0,e2e,t1
E2,157,37,1045.0,e2e,t1
E2,82,29,829.0,e2e,t1
E2,157,39,1034.0,e2e,t1
E2,157,39,1746.0,e2e,t1
E2,82,30,961.0,e2e,t1
E2,82,31,933.0,e2e,t1
E2,82,32,845.0,e2e,t1
E2,82,33,1010.0,e2e,t1
E2,157,40,911.0,e2e,t1
E2,157,41,923.0,e2e,t1
E2,82,34,869.0,e2e,t1
E2,157,42,959.0,e2e,t1
E2,82,35,959.0,e2e,t1
E2,82,35,1701.0,e2e,t1
E2,157,44,1049.0,e2e,t1
E2,157,45,1070.0,e2e,t1
E2,157,46,862.0,e2e,t1
E2,82,37,907.0,e2e,t1
E2,82,38,936.0,e2e,t1
E2,157,48,931.0,e2e,t1
E2,157,49,849.0,e2e,t1
E2,82,39,830.0,e2e,t1
E2,82,40,1012.0,e2e,t1
E2,157,50,963.0,e2e,t1
E2,82,42,895.0,e2e,t1
E2,157,51,982.0,e2e,t1
E2,157,52,886.0,e2e,t1
E2,82,43,821.0,e2e,t1
E2,157,53,868.0,e2e,t1
E2,157,54,1043.0,e2e,t1
E2,82,44,952.0,e2e,t1
E2,82,45,817.0,e2e,t1
E2,157,55,994.0,e2e,t1
E2,157,56,952.0,e2e,t1
E2,157,57,950.0,e2e,t1
E2,82,46,951.0,e2e,t1
E2,82,47,834.0,e2e,t1
E2,157,58,876.0,e2e,t1
E2,82,49,877.0,e2e,t1
E2,157,59,1091.0,e2e,t1
E2,157,60,953.0,e2e,t1
E2,82,50,858.0,e2e,t1
E2,157,61,1078.0,e2e,t1
E2,157,62,924.0,e2e,t1
E2,82,51,999.0,e2e,t1
E2,157,64,1085.0,e2e,t1
E2,82,52,789.0,e2e,t1
E2,82,54,929.0,e2e,t1
E2,82,55,990.0,e2e,t1
E2,82,56,873.0,e2e,t1
E2,157,66,937.0,e2e,t1
E2,157,68,1028.0,e2e,t1
E2,82,57,875.0,e2e,t1
E2,157,69,948.0,e2e,t1
E2,82,58,1004.9999999999999,e2e,t1
E2,82,59,950.0,e2e,t1
E2,157,70,909.0,e2e,t1
E2,82,60,977.0,e2e,t1
E2,82,61,857.0,e2e,t1
E2,157,71,882.0,e2e,t1
E2,82,62,955.0,e2e,t1
E2,157,72,868.0,e2e,t1
E2,157,73,1022.0,e2e,t1
E2,82,63,909.0,e2e,t1
E2,82,64,950.0,e2e,t1
E2,157,74,1037.0,e2e,t1
E2,157,75,934.0,e2e,t1
E2,157,76,990.0,e2e,t1
E2,82,66,863.0,e2e,t1
E2,82,67,957.0,e2e,t1
E2,157,77,1018.0,e2e,t1
E2,157,78,982.0,e2e,t1
E2,82,68,911.0,e2e,t1
E2,157,79,1036.0,e2e,t1
E2,82,69,948.0,e2e,t1
E2,157,80,940.0,e2e,t1
E2,82,70,918.0,e2e,t1
E2,82,71,813.0,e2e,t1
E2,157,81,880.0,e2e,t1
E2,82,72,732.0,e2e,t1
E2,82,73,991.0,e2e,t1
E2,82,74,871.0,e2e,t1
E2,157,82,1028.0,e2e,t1
E2,82,75,838.0,e2e,t1
E2,82,76,992.0,e2e,t1
E2,82,77,866.0,e2e,t1
E2,82,78,918.0,e2e,t1
E2,157,84,849.0,e2e,t1
E2,82,79,1000.0,e2e,t1
E2,82,80,952.0,e2e,t1
E2,157,85,868.0,e2e,t1
E2,82,81,856.0,e2e,t1
E2,82,82,984.0,e2e,t1
E2,82,83,854.0,e2e,t1
E2,157,86,943.0,e2e,t1
E2,82,84,930.0,e2e,t1
E2,82,85,978.0,e2e,t1
E2,82,86,901.0,e2e,t1
E2,82,87,850.0,e2e,t1
E2,82,88,998.0,e2e,t1
E2,157,88,916.0,e2e,t1
E2,157,89,1010.9999999999999,e2e,t1
E2,157,89,1736.0,e2e,t1
E2,82,89,955.0,e2e,t1
E2,82,90,851.0,e2e,t1
E2,157,90,848.0,e2e,t1
E2,82,91,893.0,e2e,t1
E2,157,91,970.0,e2e,t1
E2,157,92,865.0,e2e,t1
E2,82,92,858.0,e2e,t1
E2,82,93,942.0,e2e,t1
E2,82,94,839.0,e2e,t1
E2,82,95,882.0,e2e,t1
E2,82,96,875.0,e2e,t1
E2,82,97,840.0,e2e,t1
E2,157,94,899.0,e2e,t1
E2,157,95,876.0,e2e,t1
E2,82,98,897.0,e2e,t1
E2,82,99,845.0,e2e,t1
E2,157,96,915.0,e2e,t1
E2,157,97,1077.0,e2e,t1
E2,157,98,910.0,e2e,t1
E2,82,101,927.0,e2e,t1
E2,157,100,907.0,e2e,t1
E2,82,102,824.0,e2e,t1
E2,82,103,876.0,e2e,t1
E2,82,104,892.0,e2e,t1
E2,157,102,940.0,e2e,t1
E2,157,103,989.0,e2e,t1
E2,157,104,977.0,e2e,t1
E2,157,105,990.0,e2e,t1
E2,82,105,873.0,e2e,t1
E2,157,106,981.0,e2e,t1
E2,82,106,849.0,e2e,t1
E2,82,107,939.0,e2e,t1
E2,157,107,965.0,e2e,t1
E2,82,108,802.0,e2e,t1
E2,82,109,805.0,e2e,t1
E2,82,0,857.0,e2e,t2
E2,82,2,868.0,e2e,t2
E2,82,3,795.0,e2e,t2
E2,82,4,884.0,e2e,t2
E2,82,5,907.0,e2e,t2
E2,82,7,877.0,e2e,t2
E2,157,5,972.0,e2e,t2
E2,82,8,952.0,e2e,t2
E2,157,6,871.0,e2e,t2
E2,82,9,865.0,e2e,t2
E2,82,10,865.0,e2e,t2
E2,82,11,928.0,e2e,t2
E2,82,12,1008.9999999999999,e2e,t2
E2,157,7,1032.0,e2e,t2
E2,157,8,1035.0,e2e,t2
E2,82,15,978.0,e2e,t2
E2,157,10,930.0,e2e,t2
E2,82,17,930.0,e2e,t2
E2,82,18,935.0,e2e,t2
E2,157,12,996.0,e2e,t2
E2,157,13,858.0,e2e,t2
E2,82,19,933.0,e2e,t2
E2,157,14,992.0,e2e,t2
E2,82,20,912.0,e2e,t2
E2,82,20,1660.0,e2e,t2
E2,157,15,1071.0,e2e,t2
E2,82,21,893.0,e2e,t2
E2,82,23,837.0,e2e,t2
E2,82,25,747.0,e2e,t2
E2,157,17,1070.0,e2e,t2
E2,157,18,1029.0,e2e,t2
E2,82,26,713.0,e2e,t2
E2,82,27,931.0,e2e,t2
E2,157,23,5605.0,e2e,t2
E2,82,28,998.0,e2e,t2
E2,82,29,963.0,e2e,t2
E2,82,30,863.0,e2e,t2
E2,82,31,936.0,e2e,t2
E2,157,24,908.0,e2e,t2
E2,157,25,912.0,e2e,t2
E2,82,32,912.0,e2e,t2
E2,157,26,1002.0,e2e,t2
E2,82,33,955.0,e2e,t2
E2,157,28,853.0,e2e,t2
E2,82,34,965.0,e2e,t2
E2,82,35,996.0,e2e,t2
E2,157,30,880.0,e2e,t2
E2,82,36,918.0,e2e,t2
E2,157,32,3076.0,e2e,t2
E2,157,33,936.0,e2e,t2
E2,157,34,921.0,e2e,t2
E2,82,38,855.0,e2e,t2
E2,82,39,932.0,e2e,t2
E2,157,36,896.0,e2e,t2
E2,157,37,992.0,e2e,t2
E2,82,40,924.0,e2e,t2
E2,157,38,882.0,e2e,t2
E2,82,41,945.0,e2e,t2
E2,82,42,879.0,e2e,t2
E2,157,39,915.0,e2e,t2
E2,157,40,867.0,e2e,t2
E2,157,42,1035.0,e2e,t2
E2,157,43,988.0,e2e,t2
E2,82,44,9361.0,e2e,t2
E2,157,44,1077.0,e2e,t2
E2,82,45,952.0,e2e,t2
E2,157,45,1052.0,e2e,t2
E2,82,46,979.0,e2e,t2
E2,157,46,983.0,e2e,t2
E2,82,47,877.0,e2e,t2
E2,82,48,903.0,e2e,t2
E2,82,49,1012.0,e2e,t2
E2,157,48,867.0,e2e,t2
E2,82,50,833.0,e2e,t2
E2,82,52,822.0,e2e,t2
E2,157,51,1045.0,e2e,t2
E2,82,53,906.0,e2e,t2
E2,157,52,931.0,e2e,t2
E2,157,53,864.0,e2e,t2
E2,157,54,998.0,e2e,t2
E2,82,59,859.0,e2e,t2
E2,157,58,1122.0,e2e,t2
E2,157,59,989.0,e2e,t2
E2,157,60,1040.0,e2e,t2
E2,82,61,936.0,e2e,t2
E2,82,64,907.0,e2e,t2
E2,82,65,877.0,e2e,t2
E2,82,66,818.0,e2e,t2
E2,82,67,953.0,e2e,t2
E2,82,68,881.0,e2e,t2
E2,82,69,864.0,e2e,t2
E2,82,70,921.0,e2e,t2
E2,82,71,856.0,e2e,t2
E2,82,72,935.0,e2e,t2
E2,82,73,933.0,e2e,t2
E2,82,74,1012.9999999999999,e2e,t2
E2,82,75,999.0,e2e,t2
E2,82,76,878.0,e2e,t2
E2,82,77,869.0,e2e,t2
E2,82,79,914.0,e2e,t2
E2,82,80,916.0,e2e,t2
E2,82,81,945.0,e2e,t2
E2,82,82,899.0,e2e,t2
E2,82,83,918.0,e2e,t2
E2,82,85,971.0,e2e,t2
E2,82,87,964.0,e2e,t2
E2,82,89,921.0,e2e,t2
E2,82,90,862.0,e2e,t2
E2,82,91,924.0,e2e,t2
E2,82,93,840.0,e2e,t2
E2,82,94,885.0,e2e,t2
E2,82,95,838.0,e2e,t2
E2,82,96,991.0,e2e,t2
E2,82,97,940.0,e2e,t2
E2,82,98,966.0,e2e,t2
